pro_name,0Gy_6h_2.raw.PG.Quantity,0Gy_6h_3.raw.PG.Quantity,0Gy_6h_4.raw.PG.Quantity,0Gy_6h_5.raw.PG.Quantity,0Gy_6h_7.raw.PG.Quantity,0Gy_6h_9.raw.PG.Quantity,0Gy_1d_1.raw.PG.Quantity,0Gy_1d_6.raw.PG.Quantity,0Gy_1d_6(2).raw.PG.Quantity,0Gy_1d_7.raw.PG.Quantity,0Gy_1d_7(2).raw.PG.Quantity,0Gy_1d_9.raw.PG.Quantity,0.2Gy_3d_1.raw.PG.Quantity,0.2Gy_3d_2.raw.PG.Quantity,0.2Gy_3d_5.raw.PG.Quantity,0.2Gy_3d_8.raw.PG.Quantity,0.2Gy_3d_10.raw.PG.Quantity,0.2Gy_7d_4.raw.PG.Quantity,0.2Gy_7d_7.raw.PG.Quantity,0.2Gy_7d_8.raw.PG.Quantity,0.2Gy_7d_9.raw.PG.Quantity,0.2Gy_7d_10.raw.PG.Quantity,0.5Gy_3d_4.raw.PG.Quantity,0.5Gy_3d_5.raw.PG.Quantity,0.5Gy_3d_6.raw.PG.Quantity,0.5Gy_3d_7.raw.PG.Quantity,0.5Gy_3d_9.raw.PG.Quantity,0.5Gy_7d_1.raw.PG.Quantity,0.5Gy_7d_5.raw.PG.Quantity,0.5Gy_7d_6.raw.PG.Quantity,0.5Gy_7d_7.raw.PG.Quantity,0.5Gy_7d_9.raw.PG.Quantity,2Gy_3d_1.raw.PG.Quantity,2Gy_3d_3.raw.PG.Quantity,2Gy_3d_6.raw.PG.Quantity,2Gy_3d_7.raw.PG.Quantity,2Gy_3d_8.raw.PG.Quantity,2Gy_7d_2.raw.PG.Quantity,2Gy_7d_4.raw.PG.Quantity,2Gy_7d_6.raw.PG.Quantity,2Gy_7d_8.raw.PG.Quantity,2Gy_7d_10.raw.PG.Quantity,6.5Gy_3d_3.raw.PG.Quantity,6.5Gy_3d_4.raw.PG.Quantity,6.5Gy_3d_7.raw.PG.Quantity,6.5Gy_3d_8.raw.PG.Quantity,6.5Gy_3d_10.raw.PG.Quantity,6.5Gy_7d_3.raw.PG.Quantity,6.5Gy_7d_6.raw.PG.Quantity,6.5Gy_7d_8.raw.PG.Quantity,6.5Gy_7d_9.raw.PG.Quantity,6.5Gy_7d_10.raw.PG.Quantity,10Gy_3d_3.raw.PG.Quantity,10Gy_3d_4.raw.PG.Quantity,10Gy_3d_6.raw.PG.Quantity,10Gy_3d_8.raw.PG.Quantity,10Gy_3d_10.raw.PG.Quantity,10Gy_7d_1.raw.PG.Quantity,10Gy_7d_2.raw.PG.Quantity,10Gy_7d_3.raw.PG.Quantity,10Gy_7d_4.raw.PG.Quantity,10Gy_7d_5.raw.PG.Quantity
Sell,60764.75781,32235.11523,56749.18598,64532.22266,19375.39844,56749.18598,70099.33594,36876.15625,56749.18598,68403.21094,74094.0625,84362.41406,65613.1875,65117.90625,67560.05469,63521.31641,57980.27344,94954.625,109924.4297,117203.6719,89694.63281,106270.0,64383.39453,64628.99609,62306.92969,64749.73772,81658.42969,64749.73772,54676.66016,66178.125,64749.73772,59415.62891,39320.96484,13886.56836,26527.45703,16003.01465,23628.82617,28741.38086,26814.29504,38845.01172,26814.29504,27561.13672,8346.335775,6253.290527,8346.335775,8979.588867,9806.12793,8346.335775,8346.335775,8346.335775,8346.335775,8346.335775,0.0,0.0,0.0,0.0,0.0,0.0,0.0,0.0,0.0,0.0
Ltf,23133.64844,31860.16385,27348.46289,49243.0625,31860.16385,24440.94727,28031.56836,31860.16385,25122.75195,30609.58203,32647.69727,46163.75391,35377.74219,23872.77734,30148.82813,27137.40234,40170.48698,66691.6875,34097.0,29291.97266,58425.41406,56491.55859,33756.64844,39869.47656,30900.25,35985.03906,20430.68164,27788.11133,50297.75,33183.29688,32500.52734,61139.00781,22524.19727,66167.16168,26761.83203,51336.23828,49982.69531,81251.63281,48365.26563,126165.0859,71950.92188,117166.5859,3554.230469,3554.230469,3554.230469,3554.230469,3554.230469,3554.230469,3554.230469,3554.230469,3554.230469,3554.230469,6209.163574,5698.822754,6166.479004,6209.163574,6762.188965,6209.163574,6209.163574,6209.163574,6209.163574,6209.163574
Apcs,536776.375,560992.25,1002424.0,668300.6875,873052.0,282288.3125,461322.4688,430587.9688,462157.5,584204.375,628297.5,685691.8125,440750.7188,378269.4063,729546.75,780296.75,636618.375,737897.125,944917.625,511549.0625,741982.3125,452593.75,425608.2813,393343.4063,477505.9375,326654.7813,364996.0625,525069.5,437993.875,321839.875,291017.125,303102.25,638708.6875,326978.875,489953.4375,296804.25,443805.0313,308939.9688,523590.9063,312819.375,614449.75,199586.0938,735115.3125,634220.875,759844.9375,820349.9375,519627.0938,332051.5313,594414.0,504753.9063,527094.8125,317864.0,1177288.75,1397877.5,1125418.625,1093109.0,1390050.75,7502729.5,5657596.0,6389972.5,22555984.0,19266696.0
Olfm1,61039.28125,44617.26563,50068.07031,35853.10156,48724.14453,63493.65625,60900.5,55741.74609,66074.63281,48958.71094,48567.90625,55567.11328,39184.98828,43925.69531,44658.59375,62608.01172,52611.21045,42735.58203,75425.29688,65924.33594,52611.21045,46427.17969,49629.47656,60011.21973,47258.99219,83580.46094,77336.51563,44396.50781,60011.21973,72308.89063,49382.36719,56196.54688,41033.78125,52635.92578,51348.91797,48172.90625,50703.42665,43020.26172,49857.25,62601.89063,57447.79297,50212.11328,47079.54609,64165.52344,36825.16406,42149.3125,47079.54609,47079.54609,49353.57813,42904.15234,47079.54609,47079.54609,18386.81136,18386.81136,28498.62891,18282.19336,38824.85156,5910.216797,9148.522461,9656.455078,18386.81136,18386.81136
Serpina3n,2199042.25,1818742.875,2722851.25,2325462.25,2535002.0,1874091.5,2180170.5,1854680.5,2346189.75,2220252.0,2598500.0,2735225.0,1731977.125,1759474.75,2751026.75,1284409.125,2049223.5,2490267.25,3126375.0,2463276.5,2507387.25,2225235.75,2057272.0,1859444.625,1899018.875,2025642.375,1581508.75,2177401.75,1863141.0,2486398.0,2085426.125,1740040.375,3153497.5,2438157.0,2633986.0,2071592.25,2310595.75,2680000.25,3193991.0,2241327.0,2353106.25,2477354.25,5044366.0,3780414.25,4646170.5,4573638.0,3263355.5,2550530.75,4048783.75,3648020.25,3207792.25,3479399.75,6067307.0,7547359.5,5359173.0,5896268.5,5917311.0,28802490.0,16326046.0,29611444.0,90885888.0,93560720.0
Itih3,1141759.125,758739.0,1395774.0,633751.75,543582.8125,1031449.313,1335381.625,1348316.875,1408173.0,1629387.0,1629562.0,551006.625,499149.5,700584.125,1262897.0,1062471.5,775769.375,1604093.875,1460178.375,1290484.0,980940.75,1080369.75,381961.25,616886.25,525671.8125,1188547.125,1137428.625,1409792.375,1167883.375,229028.9219,1133886.875,861230.0,1558842.125,888917.875,1454818.5,983591.9375,980236.1875,826195.8125,1573430.5,837429.5,1671710.875,741211.5,2128083.75,1416663.0,1928268.75,1626765.25,1522337.125,868381.1875,1196606.0,1223686.75,1550863.375,986184.5625,3052752.75,3522851.25,2765491.25,3144984.75,2459948.0,6797554.0,7108502.0,7916649.0,10454594.0,9088857.0
Hp,266101.5,202014.3281,269431.7188,1405538.625,317887.4688,473017.3438,137504.0,255916.3438,174797.9844,150569.2969,112430.8984,3894023.0,471480.375,853189.3125,2090599.25,297449.9375,117872.1484,7531785.5,588062.4375,111871.2344,5329806.5,1196866.75,192212.0313,255875.0313,217202.7344,115428.7031,89848.51563,116645.7734,473187.9375,153839.0,87490.14063,102869.5,7963917.0,570496.6875,5557792.5,139209.5938,159671.5469,128677.5156,2039276.875,101522.6641,154250.9688,108542.0859,2188616.0,8621576.0,8956846.0,7060038.0,4771833.0,120598.7422,101778.2344,88731.40625,106476.2969,106498.6406,18910948.0,11870685.0,17882454.0,14911553.0,20498776.0,58769120.0,76310592.0,91599432.0,151011296.0,198746208.0
Saa1,244810.3594,71119.10938,247497.3906,40387.94922,163270.7344,175406.5156,75752.84375,67552.15625,24215.14063,44271.42188,131392.875,61399.19922,38993.00781,55300.38672,285262.8438,10265.34766,56107.36328,91969.03906,693287.8125,178042.3281,56246.44531,126907.8828,60817.62681,4621.137695,60817.62681,60817.62681,85678.71875,72244.47656,75244.76563,31229.98828,64080.56641,92623.73438,113006.0625,13729.78906,70964.82031,129660.5784,14668.93848,129660.5784,561626.0625,9515.172852,124113.2031,129660.5784,130630.5625,21836.50195,194747.9531,64746.34375,45163.95703,40837.94531,128581.0703,82664.33138,49976.69531,67457.95313,633251.6875,473347.125,342176.875,196937.0938,274292.3125,15650898.0,6823548.5,18660680.0,47178196.0,66971652.0
Orm2,2267321.75,2098334.25,2137347.5,1374276.75,2076942.25,1885788.375,2351498.25,2587693.0,1752788.375,4005417.25,3027231.5,4212689.0,1030503.375,1137718.75,2408540.5,2060849.5,1104011.0,3743156.5,3712671.5,2158370.75,3896353.75,3138114.5,1123521.625,987625.3125,1103682.375,1782903.375,1956631.25,1737393.125,1701538.75,570790.6875,2464208.5,1188545.0,5174446.5,1724310.5,3616863.75,1055698.625,3122748.0,1670157.375,2952808.75,1650478.5,2549583.5,1439364.75,5324322.5,3725142.5,7096304.5,2875042.25,3248740.5,1319179.5,2666239.75,2990981.25,1480845.625,1690735.875,4961237.5,3100743.5,7424572.5,7043965.0,8116473.5,26033568.0,31557502.0,49344976.0,55796392.0,61807564.0
Igfals,824981.75,474560.4688,841919.25,641444.5625,599573.75,771148.75,676153.375,584222.0,664558.8125,512766.7188,531328.1875,597979.125,586007.9375,605524.5625,688110.4375,696188.4375,614413.375,565961.25,591522.5,732118.9375,582411.0625,539081.5,558410.8125,535642.8125,550932.9375,655626.25,650949.875,721997.1875,521786.5,502199.9375,615018.625,524623.3125,740567.3125,409009.5313,651476.75,516706.8125,579271.1875,563769.0625,850967.5625,446968.0625,922657.5625,619212.3125,738089.875,549829.375,699506.875,536999.75,479296.125,466528.5,765925.375,608712.8125,523320.9688,448007.125,453212.0625,303407.5,314117.625,291768.75,417788.5625,116147.8125,245703.7656,258737.1641,112390.5469,74097.85156
Itih4,8441452.0,5726814.5,9517454.0,7456624.0,7775322.0,9056407.0,8321632.5,6056670.5,8156421.5,6620103.5,8856086.0,9592234.0,8203772.5,9161548.0,13930047.0,11325261.0,8309799.5,11747035.0,14392126.0,11268470.0,9398068.0,9108149.0,10466028.0,7691590.0,8169553.5,9717634.0,8501050.0,8391121.0,8948456.0,10368011.0,8750098.0,8491135.0,10566111.0,9242122.0,10680171.0,9666941.0,9661922.0,9530911.0,9114532.0,11267704.0,10916824.0,8321272.0,12566069.0,12387245.0,14303038.0,10510447.0,9447979.0,7746325.5,10987103.0,12745894.0,11016434.0,9289064.0,14716704.0,15990585.0,11667153.0,11999902.0,11981885.0,41427684.0,28404132.0,27317960.0,81957176.0,54141080.0
Bpifa2,83908.74219,27066.72461,284205.5938,104023.1641,217475.9844,29222.4082,28842.65039,17649.89453,14393.60645,27626.4375,31752.46484,37005.50391,27274.27539,29751.05664,106671.6484,88815.08594,27762.22656,27047.70703,52676.8457,88932.88281,25159.88281,52676.8457,25457.76563,47420.84375,44104.51953,92495.96094,67678.125,44251.21875,20500.9375,26106.68945,35535.76563,61735.27734,54352.89844,26203.90625,104510.2813,88751.82813,81770.61719,26083.91992,9643.116211,30974.375,14079.21191,26698.3418,135703.125,58434.10938,171578.0313,56862.39844,80909.39063,237604.25,93830.87077,13641.44629,51349.32422,38395.76172,786788.8125,369041.5,640986.6875,306548.3438,1340679.375,591031.0625,145712.7813,148406.9688,766736.375,127061.2734
Saa4,417891.25,501965.9688,695027.375,639956.125,726478.0625,486310.5,407610.4063,362832.3125,384204.4688,443884.0,428974.4375,522668.125,514300.8125,398081.6563,532244.0625,480569.0,548056.6875,618231.9375,452618.7813,407032.0,679954.625,629370.8125,449945.5,418595.7188,418660.375,309076.9375,294140.625,532579.25,549578.625,661800.75,531795.375,390750.9688,745934.9375,558327.0,579194.375,788392.375,569570.3125,504760.9063,648333.25,651150.4375,520642.9375,562755.9375,626235.1875,686737.875,630474.0625,713470.0,758530.0625,768268.625,507107.4063,648051.3125,561784.5625,605353.0,723846.125,702631.25,950870.625,590177.875,987251.3125,2066289.875,2573275.75,2272546.25,3852604.0,2268710.75
Masp1,222749.5156,175714.9531,190536.8125,178147.2969,181748.9531,176707.7031,224802.6719,234747.5469,172069.2813,233335.3594,208555.3281,147556.5781,174721.7188,109442.8281,207547.5625,212597.125,132896.0156,179914.2656,201266.6406,192017.4063,208461.9688,124581.4375,191015.7031,153121.0625,171957.0313,219475.375,218646.4375,209701.0625,186891.4844,143889.6563,207783.5156,193700.6094,161051.3438,161045.4375,152641.1563,156743.9531,161292.4063,177711.0156,141507.7344,153401.9531,137603.2188,175285.1094,114721.75,172505.6719,112505.5391,139969.2188,150739.5,115197.875,143700.3594,126234.2734,159208.8281,127859.0313,130038.0547,124590.8125,103691.8203,143492.875,104479.6328,132690.375,141819.4063,125237.25,136445.9531,76247.38281
Lifr,2582324.25,1690347.5,2679402.75,2231824.75,2509768.75,3149854.5,1538806.5,1867932.0,1780741.0,1815442.75,1816745.25,1337931.5,1970200.625,1817281.125,1471005.375,1848755.0,1951246.375,1058445.0,788939.25,1263838.25,1702107.625,1040900.625,1119998.375,1592980.625,1411074.625,1179507.0,1079176.875,1488663.5,928312.5,961341.6875,1405520.875,1016929.125,1968585.5,2063683.75,1385968.25,1616024.25,1865067.625,1150476.0,1157658.5,1123750.125,1149515.5,1474092.25,1590350.625,2110876.0,1380453.5,1790330.125,1959504.25,718299.125,792852.375,748920.125,973461.0,829735.0,1238342.375,820353.75,1064519.375,784342.375,1625560.0,371166.4063,443837.7188,355249.9063,283034.4375,361317.1875
Serpina7,141190.0313,59215.60547,115296.2188,62224.43359,91578.3125,118127.4922,137476.6563,68235.27344,138082.5313,45983.54688,74508.21094,97554.35156,87732.24219,104287.8359,190828.25,113450.7188,71691.39063,118585.9219,156991.1563,132719.9063,96495.73438,112354.0859,138073.375,83871.03125,93731.42969,224733.8438,176194.375,185011.3281,107219.9453,132033.9219,82128.17188,141018.9688,200514.9531,66254.23438,236802.9531,53740.40625,68645.14063,87458.33594,190941.3125,193217.5781,137824.875,87921.15625,152428.9063,86647.79688,194966.6563,88093.21094,104540.9453,127567.2031,226131.6563,273373.0625,132121.9688,133314.0625,209351.7344,194424.375,116132.6406,102456.9609,127405.3516,448119.75,367811.875,426698.875,947204.6875,592145.5625
